Res_geocode,Share_Distance_2_3_Wheel,Share_Distance_Bike,Share_Distance_Car,Share_Distance_Foot,Share_Distance_Transit,Trip_Weight,HH_PNR,Daily_Distance_Person,Daily_Distance_Person_Car,CarOwnership_HH
005-002,,,0.4541599697335746,0.007849380700462637,0.5379906495659629,25.708278344444444,34,24.668,11.203,0.891
005-003,,0.002790246704432194,0.7961548504550201,0.021283161075282435,0.1797717417652652,80.11064020194969,168,18.246,14.527000000000001,0.819
005-008,,,0.582042777348385,0.027417045663437254,0.3905401769881776,55.18340104529412,98,18.17,10.576,0.964
005-009,,0.002452428582868738,0.7779800241310977,0.037905048405110144,0.1816624988809234,84.81946279067228,132,18.093,14.076,0.91
005-010,0.006233925181507445,,0.7160963066027354,0.03941544080337482,0.23825432741238228,73.68338891614754,140,18.594,13.315,0.843
005-011A,,,0.687901613347375,0.04978711953714729,0.26231126711547775,80.87198884365384,163,15.200000000000001,10.456,0.693
005-012,,0.013021437752227038,0.5164554278272451,0.05721115736210928,0.41331197705841854,51.0846584046875,70,16.084,8.307,0.86
005-013,,0.0037592668697308132,0.7841624806906841,0.03934239988684378,0.1727358525527415,53.68541321433333,94,26.456,20.746,0.888
005-016,,,0.6993272064065912,0.05310235946302159,0.24757043413038735,86.45186054550848,124,13.582,9.498,0.684
005-017,,,0.6542387299105686,0.05372419845125853,0.29203707163817283,80.23692951442624,126,12.342,8.075,0.743
005-018,,0.0007177947224243233,0.4436602835516827,0.059359193361122074,0.496262728364771,71.85248646098039,110,13.872,6.155,0.498
005-019,0.000699307925701847,0.011567332847080643,0.7439489119318821,0.036043974848351125,0.2077404724469844,86.14712767921985,151,21.316,15.858,0.69
005-020,,0.0014030265856503654,0.5080276939546747,0.07854515343011849,0.4120241260295563,69.02926127106667,81,13.496,6.856,0.699
005-021,,,0.524882001026896,0.059805516705734904,0.4153124822673691,82.2845089605785,119,18.326,9.619,0.772
005-022,,,0.46240019947360866,0.06318907385368927,0.4744107266727022,67.78530201628205,83,11.742,5.43,0.632
005-023,0.0009162599164648584,0.006349468774279268,0.5002251562375576,0.08046847834662711,0.4120406367250711,77.79017014069768,130,14.064,7.035,0.603
005-024A,0.006515298841648244,0.0048914020834465435,0.5973538598895053,0.061453460346402165,0.32978597883899763,81.4459758158156,151,12.638,7.55,0.56
005-025,0.0008492857570372781,0.0045259911804589655,0.6765020507922924,0.07071399664219355,0.24740867562801783,80.55535532015267,142,18.777,12.703,0.78
005-027,0.0011915266568313463,0.012141512310916576,0.5957255445680489,0.08573052342483853,0.3052108930393647,73.47880094456522,146,14.537,8.66,0.748
005-028,,,0.4559744033220884,0.055926737150694315,0.4880988595272174,73.80154925027779,115,17.977,8.197000000000001,0.823
006-002,0.002908485226854427,,0.6275377614973002,0.03448704695440234,0.33506670632144303,74.17136246761194,68,14.544,9.127,0.809
006-003A,0.007083062019962601,0.019940380101463526,0.7249783068225575,0.03180697544783582,0.21619127560818055,89.80011688278847,105,11.918000000000001,8.64,0.864
006-004A,,0.0019574443245205927,0.7387910148769518,0.026399568427661627,0.23285197237086597,74.056425001625,85,11.384,8.411,0.796
006-006A,,,0.7355041297740238,0.02870697291434997,0.2357888973116262,84.63015340492538,146,17.758,13.061,0.827
006-006B,,,0.6263562893858092,0.06222437008796165,0.31141934052622905,84.95536913256636,123,14.184000000000001,8.884,0.786
006-012,,,0.44747243753911026,0.021331735234140566,0.5311958272267493,10.859336593999998,9,14.555,6.513,0.787
006-013A,,0.002937781016641379,0.7648381283413734,0.014768980256070754,0.21745511038591442,61.141745986949154,63,16.451,12.583,0.984
006-016A,,,0.8710379102795744,0.0031846942478996293,0.12577739547252592,74.51488522771929,57,22.176000000000002,19.316,0.911
006-016B,0.0010931815752507359,,0.8633741587949716,0.023011629012148035,0.11252103061762962,83.06926923,159,13.56,11.707,0.955
006-016C,0.0639950031598061,,0.675577464764446,0.03867261791177771,0.2217549141639702,22.2402319135,40,10.93,7.384,1.0
007-003,,,0.7955961922458533,0.03199358885443232,0.1724102188997143,18.026174710794116,35,16.4,13.048,0.914
007-006A,0.003445405626833805,,0.4461342684021688,0.03934762666247236,0.511072699308525,72.17249111293651,132,14.133000000000001,6.305,0.647
007-007A,0.002152249728721391,,0.6427567312123695,0.039028803296340474,0.31606221576256854,76.69729595783505,105,14.577,9.370000000000001,0.703
007-010,,,0.5201389671303862,0.05835844396618668,0.4215025889034271,73.77254538958678,130,12.534,6.519,0.714
007-011,,,0.5039450918876536,0.039067302788690854,0.45698760532365573,89.90882757181818,131,11.602,5.847,0.591
007-012,,,0.513252616419478,0.04099651844998983,0.4457508651305322,72.21139949443182,95,13.134,6.7410000000000005,0.813
007-013,,,0.5809499676115263,0.027882221056805927,0.3911678113316678,63.10294743278351,102,17.223,10.006,0.856
007-016,,0.011707216154526506,0.7912566494714349,0.047484623519826394,0.14955151085421226,47.135169436417904,64,13.629,10.784,0.929
007-022,0.07207049755152341,0.014081144952167448,0.582862406442331,0.0294825513289559,0.30150339972502227,79.20554366377246,166,16.228,9.458,0.863
007-026,,0.0012679351080639898,0.6033441433401704,0.025504654620367932,0.36988326693139756,80.83390725073171,119,17.907,10.804,0.751
058-001,,,0.6311517885471648,0.007969785808989606,0.36087842564384565,33.065268678392854,52,12.736,8.039,0.898
058-003A,0.021695587282924093,,0.6245939595573416,0.04255012028935238,0.3111603328703819,70.80923211860656,127,13.692,8.552,0.877
058-003B,,0.0060535873504717974,0.7268263388127276,0.034831431230981376,0.23228864260581916,73.16915697906475,143,18.343,13.332,0.957
058-009,,,0.3759904462643511,0.03779771132492867,0.5862118424107202,69.33547460642858,136,15.515,5.8340000000000005,0.807
058-010,,,0.6773674369526456,0.031031580737573915,0.29160098230978043,73.66670131763637,115,16.187,10.965,0.841
058-012,,,0.6924733149187805,0.04822041435924086,0.2593062707219787,62.210434083928575,89,13.055,9.040000000000001,0.869
058-013,0.028348995134107578,,0.7931450873328246,0.014468259530840534,0.16403765800222725,68.12618345887323,74,18.896,14.987,0.957
058-015,,,0.6937825122067716,0.033294473296327065,0.2729230144969014,63.37190048880953,91,17.719,12.293000000000001,0.735
058-018,,,0.5683424687930294,0.04519459349859033,0.38646293770838036,82.57146541923728,127,17.302,9.833,0.804
058-019,,,0.5338905794743356,0.05727255100032469,0.4088368695253398,81.7941743310204,167,11.501,6.140000000000001,0.717
058-024,,,0.6481110350259146,0.044515779901870466,0.30737318507221484,77.00962598336363,117,11.957,7.7490000000000006,0.572
058-026A,,,0.5090396894752058,0.03309008170171397,0.45787022882308015,69.23836688465347,110,13.861,7.056,0.847
058-026B,0.016001873732260297,,0.4878680516707316,0.0298348963462607,0.4662951782507474,79.56971927504274,127,19.858,9.688,0.777
065-001A,0.024427800026666092,0.0003324711906368471,0.6685253657342,0.03380194446038409,0.272912418588113,76.61977804326425,204,14.146,9.457,0.853
065-002A,,,0.6854143828635431,0.04628311325016869,0.26830250388628823,67.22850955101448,67,17.475,11.978,0.847
065-003A,,0.0018772667761000473,0.5804831745987985,0.06108293876256173,0.35655661986253967,72.38183448202531,172,11.355,6.591,0.895
065-004,,,0.7484829948059984,0.04033999086790633,0.21117701432609523,50.97442743135593,61,16.983,12.711,0.885
065-005,0.009218406658290955,0.009087754488917344,0.5844270071987389,0.05692456667650463,0.3403422649775483,35.75532939208,57,14.757,8.624,0.906
065-006,,,0.6591917452951599,0.010792563528705182,0.33001569117613494,88.23265852352112,73,21.632,14.26,0.904
065-008,0.013328644908640466,,0.7390248939282944,0.012503657514515239,0.23514280364855003,78.52084176365385,108,22.731,16.798000000000002,0.904
065-017,,,1.0,,,26.912723565,2,7.993,7.993,1.0
065-018,,0.007969700297238426,0.33446127603865883,0.05770836280824893,0.599860660855854,86.55516901358975,126,12.867,4.304,0.644
065-022,,,0.27744483492163186,0.09228662320346058,0.6302685418749076,82.03108146459999,54,9.619,2.669,0.383
065-025,0.033547362736019576,,0.7437778370823249,0.02312472551948357,0.19955007466217206,89.40391230068965,66,18.539,13.789,0.826
065-026A,,0.0025487103577840234,0.6311198781629442,0.04047931940500489,0.32585209207426685,63.77953951123595,97,11.613,7.329,0.801
065-027,0.03267321640555098,0.0025689348655311235,0.6319567172743146,0.01744014598939155,0.3153609854652118,74.48677811420731,180,18.149,11.47,0.864
074-001,,,0.5439998757869413,0.044761432544028805,0.4112386916690298,81.80998694851063,150,11.801,6.42,0.669
074-005A,0.02118455447719799,,0.8459322104143471,0.027957098147410993,0.10492613696104394,69.82861679905405,76,16.904,14.3,0.988
074-007,,,0.6837309357251672,0.036943860530269365,0.27932520374456343,86.98240888141844,148,12.879,8.806000000000001,0.883
074-008,,0.0029849225642302525,0.5380618366638216,0.046587275477445095,0.41236596529450315,54.25840188609196,94,12.57,6.764,0.674
074-009,,0.005750764642999163,0.6418163726948738,0.060840801539045586,0.2915920611230814,60.59958427106667,81,9.913,6.362,0.766
074-012,,,0.45263185157603736,0.08098113106490958,0.4663870173590531,66.19918369756411,76,11.269,5.101,0.769
074-013,,,0.47818361279729465,0.06691541330116804,0.45490097390153733,97.06481976086206,133,9.136000000000001,4.369,0.512
074-016,,,0.5389283919270359,0.07929684311242308,0.38177476496054097,84.94179288734513,119,12.791,6.893,0.733
074-017,,,0.7433441046767084,0.055111580255259154,0.20154431506803247,73.57079386116882,81,13.996,10.404,0.772
074-018,0.006486202750768498,0.002978834927987422,0.57027429756084,0.049022886386797554,0.37123777837360655,78.43147935721649,108,12.791,7.295,0.887
074-020,,,0.5625902929626221,0.06262139581734351,0.3747883112200344,66.54773977019047,104,13.58,7.640000000000001,0.732
074-021,,0.003217399706916871,0.37300390032316055,0.08078115258893943,0.5429975473809832,65.86575179111111,87,8.351,3.115,0.564
074-022,,,0.4849819249288326,0.07351291538682245,0.44150515968434495,69.04928922171429,80,11.554,5.603,0.566
074-023,,,0.49119052570177324,0.05093269544484585,0.45787677885338085,84.69330832935064,92,10.179,5.0,0.671
074-024A,,,0.7683635612324414,0.03754650136971561,0.19408993739784308,59.836953782698416,74,13.112,10.075000000000001,0.749
074-024B,,,0.8044130179018404,0.021687875232291376,0.17389910686586832,27.007189468214285,32,14.504,11.668000000000001,0.937
074-025,,,0.5019310166912555,,0.4980689833087446,16.50088294,3,15.062000000000001,7.5600000000000005,1.0
074-029,0.04206559910886329,,0.5074264608250603,0.0404851335497758,0.4100228065163007,47.839242718,59,13.169,6.682,0.793
074-033,0.046047441714118405,,0.7276477612591082,0.07452761521674783,0.15177718181002545,72.93180654783784,78,13.509,9.83,0.855
074-034,0.043811169427251384,0.008963487835090454,0.6360082734999539,0.0444370539417272,0.266780015295977,63.67284013390978,138,15.961,10.151,0.794
079-08-141,0.08980729361679687,,0.39653318155033446,0.0386711219767062,0.47498840285616245,46.82686232619048,69,15.119,5.995,0.515
079-08-142,,,0.8715570674715925,0.12844293252840758,,27.237717105,5,3.3240000000000003,2.8970000000000002,0.124
079-08-152,,0.003346260340960861,0.6868929057855485,0.02663359279904301,0.2831272410744476,70.92233447296296,111,13.97,9.596,0.968
079-08-154,0.021911311982965368,,0.7408983159124818,0.034206369937232625,0.2029840021673202,64.62186829521276,100,10.469,7.756,0.929
079-08-155,0.0387472840804705,,0.7458870861153094,0.02226905076883457,0.19309657903538557,68.09499447085715,109,15.588000000000001,11.627,0.933
079-08-158,0.04340872431520955,,0.6038585938526162,0.004724737594311134,0.3480079442378631,24.15174655726087,50,10.812,6.529,0.978
079-08-159,0.03752951131720263,,0.640067257427323,0.03581929686128981,0.2865839343941846,70.98791712016667,123,12.909,8.263,0.698
079-08-160,0.030156129619093208,,0.5193696961998276,0.0233824100491187,0.4270917641319605,89.61720300738637,99,14.311,7.433,0.814
079-08-161,0.008071379522439274,,0.6633167494511998,0.029449176157844568,0.2991626948685163,77.30829895759035,92,11.147,7.394,0.764
079-08-167,0.02539757339718789,,0.8305722336670858,0.022224476077480636,0.12180571685824562,52.302655302962954,80,14.655000000000001,12.172,0.967
079-08-170,0.012865305903710064,,0.6317559177753724,0.0019461151296224556,0.35343266119129496,45.47624156017544,62,16.838,10.637,0.841
079-08-171,0.016376729339594134,0.006585970756039171,0.7940431350369065,0.060908799833175715,0.12208536503428447,67.13784869375,71,10.838000000000001,8.606,0.766
079-08-172,,0.00922000756419791,0.6987256806741383,0.028726307479131435,0.2633280042825324,67.15510615032609,100,15.227,10.639,0.824
079-08-173,0.07176884017322048,,0.6322878656944957,0.05375726937956001,0.24218602475272394,72.18453877848485,66,10.007,6.327,0.601
079-08-174,0.015547883271089606,,0.5385283117216747,0.045426939951538875,0.40049686505569687,62.161435977428575,79,9.598,5.1690000000000005,0.745
079-08-175,,0.005576184390572292,0.5399282516516842,0.07239286203948207,0.3821027019182613,74.63038275364866,90,10.482000000000001,5.66,0.565
079-08-176,0.0127744615916701,,0.6521802562034567,0.06305762421549208,0.2719876579893811,79.71203283537037,111,14.933,9.739,0.74
079-08-177,0.014240929909913335,,0.4373970999444878,0.058393675225627655,0.4899682949199712,71.80159601534245,74,9.954,4.354,0.783
079-08-178,,,0.4192106927923824,0.06148348382725492,0.5193058233803628,95.5309622539759,87,8.423,3.531,0.578
079-08-179,0.01064215374860222,,0.20470167217323176,0.08768999093126825,0.6969661831468976,90.30610885525424,68,8.405,1.72,0.532
079-08-180,0.006151062526204964,0.007116798194106705,0.5350223284794299,0.1062506839622754,0.34545912683798313,75.33085561775,87,7.6000000000000005,4.066,0.719
079-08-181,0.007037341829043823,0.0005847429368214095,0.5562493500909449,0.06768111371165302,0.36844745143153673,71.32625461321429,89,12.48,6.942,0.845
079-08-183,,,0.41449438937666944,0.058531450716516775,0.5269741599068137,91.03701895671875,130,12.8,5.306,0.74
079-08-184,0.026083904868482194,0.0030099161993761216,0.6215195676640941,0.06646299138788216,0.28292361988016534,72.47767533680556,75,10.945,6.803,0.671
079-08-185,0.02904493178518436,,0.4867859447291723,0.043677179467686254,0.4404919440179572,65.33385135477273,101,11.562,5.628,0.881
079-08-186,0.021486465566963247,,0.5411254984498648,0.08480775592068664,0.35258028006248526,71.40309943087912,99,9.956,5.3870000000000005,0.842
079-08-194,0.01257125260411804,,0.6753930805767966,0.03790934353296948,0.2741263232861159,59.41288704949999,108,14.797,9.994,0.845
079-08-197,,,0.4929304704342185,0.09532749788634369,0.4117420316794379,60.655906227049186,68,7.989,3.938,0.634
079-08-198,,0.035722320890405466,0.5872076669284843,0.05654257011223507,0.32052744206887523,70.85795230453125,72,9.917,5.823,0.772
079-09-200,,0.00987676759628189,0.7179693053373419,0.007831644639853474,0.2643222824265228,47.19444144977778,54,18.098,12.994,0.921
079-09-201,,,0.862867564707528,0.002052083718629667,0.13508035157384232,72.09154036714285,86,15.178,13.097,0.787
079-09-202,0.004516777423293266,,0.574949965796758,0.028655396926302992,0.39187785985364587,79.63808534321839,98,18.022000000000002,10.362,0.74
079-09-203,0.015388572981074971,,0.8269881366178367,0.012503856923753977,0.14511943347733441,62.5977735412195,86,20.287,16.777,0.775
079-09-204,0.005172945993977469,,0.6323619373030731,0.029840066468972273,0.33262505023397704,72.59484503969925,142,13.476,8.522,0.947
079-09-206,0.035082502063651606,,0.6681689669723898,0.017478679515727572,0.27926985144823097,73.3651107515625,76,10.641,7.11,0.638
079-09-207,0.024366675599363518,0.003959786810348387,0.7130167798863085,0.04204231249751827,0.21661444520646145,55.18056013657894,74,13.344,9.514,0.761
079-09-208,0.03487270347653591,,0.5492949394431286,0.05295220932868509,0.3628801477516504,77.76759547616822,122,9.059000000000001,4.976,0.682
079-09-209,0.024295806488959515,,0.6182521940313459,0.09143425826999577,0.26601774120969873,49.74562834468085,48,11.435,7.07,0.685
079-09-210,0.06534779351114822,,0.3998759575918488,0.07834722425860596,0.45642902463839713,85.73827242763441,103,8.493,3.396,0.555
079-09-211,,,0.3240397341388959,0.06692895696652999,0.609031308894574,57.75964132585365,46,8.47,2.745,0.489
079-09-217,,0.04275734134595116,0.5611320920127456,0.04393964640432542,0.3521709202369778,51.4299300195122,47,10.266,5.76,0.636
079-09-222,0.050983438270420935,,0.43367607190401,0.08797601711918393,0.42736447270638517,71.81604319432836,72,11.383000000000001,4.936,0.662
079-09-225,0.022273143500860803,0.0012967888669253795,0.564766923470516,0.03879167872113914,0.3728714654405586,77.1980247632353,120,12.802,7.23,0.625
079-09-227,0.017626745029676413,,0.5824105302964323,0.06150122055133468,0.3384615041225566,89.64786937834951,106,11.913,6.938,0.546
079-09-228,0.055995849737487245,,0.618014855850234,0.07014825826749517,0.25584103614478354,68.38197475645161,71,11.496,7.105,0.724
079-09-229,0.01923579103908618,,0.5663561746176774,0.07192414876668934,0.3424838855765471,50.85250771872341,54,10.706,6.063,0.676
079-09-231,0.0126483762321414,0.011376187318065618,0.34222675396368635,0.06961541954428781,0.5641332629418189,97.10178759383179,111,10.683,3.656,0.612
079-10-232,0.005649462654447027,,0.5824276762358368,0.03551646999488253,0.37640639111483365,47.52679010596491,64,12.907,7.518,0.728
079-10-236,0.008413116072693457,,0.5571796335933212,0.032133294674231566,0.40227395565975377,58.59629239197531,81,20.766000000000002,11.57,0.74
079-10-240,,,0.28923362856237855,0.07037909271607533,0.6403872787215461,84.43107154709678,103,12.749,3.6870000000000003,0.607
079-10-241,,,0.33857348969245354,0.01381717020938227,0.6476093400981642,57.58619741611111,63,14.961,5.065,0.666
079-10-242,0.001957185054747195,,0.38995221551351833,0.048850978402657556,0.559239621029077,87.34837211834862,117,14.024000000000001,5.469,0.61
079-10-243,0.00144146931623053,,0.40673226649465466,0.051748098089353996,0.5400781660997608,81.72082266582278,88,11.563,4.703,0.561
079-10-244,0.017295763436085555,,0.32329925290552525,0.048761539544245176,0.6106434441141441,75.73064294411765,92,12.88,4.164,0.77
079-10-246,,,0.5305029362465566,0.04369196799267671,0.42580509576076675,76.39234114444444,93,13.966000000000001,7.409,0.536
079-10-247,,,0.6321923660096213,0.044224708480099004,0.32358292551027973,79.44821448107143,67,9.783,6.1850000000000005,0.576
079-10-249,,,0.5601014482045718,0.06174871360273823,0.37814983819268994,60.39972020983334,66,19.195,10.751,0.724
079-16-431,,0.00020518053555271907,0.7267806438044595,0.05244400682138953,0.22057016883859817,62.671941292972974,81,14.938,10.857000000000001,0.937
079-16-433,0.024655168020331197,,0.7705667963108929,0.01916005843866549,0.1856179772301105,85.93652468523437,140,14.386000000000001,11.085,0.943
079-16-434,,0.005698964830615422,0.683234776021705,0.029455161180077117,0.2816110979676025,58.22325560714286,66,12.129,8.287,0.908
079-16-435,0.01936542304654904,,0.5314818151442303,0.038700795019060465,0.41045196679016016,59.98582961157143,80,9.425,5.009,0.659
079-16-436,0.10899162981156496,,0.7330933576578879,0.007615769869681493,0.15029924266086558,31.734787062666665,32,16.673000000000002,12.222,0.94
079-16-437,0.028808561258625066,,0.7682017250022115,0.019599168880662418,0.18339054485850104,73.04957767891892,113,16.788,12.897,0.903
079-16-438,0.08444677464959165,0.005062207540483562,0.6577547133784715,0.013413166297357856,0.23932313813409553,51.63903293901235,84,15.921000000000001,10.472,0.959
079-16-439,,,0.8446980544180782,,0.1553019455819218,42.65741198,2,40.503,34.213,1.0
079-16-440A,0.017100065218048452,0.013119948224431358,0.8027226545965827,0.02711358301324969,0.1399437489476878,47.78122301378049,83,18.66,14.978,0.851
079-16-440B,0.0432147507366067,,0.8244368795868515,0.0018606275473431939,0.13048774212919856,69.70404879042553,50,19.283,15.898,0.988
079-16-442,0.008617911388447003,0.009165453648243631,0.5437743733056929,0.03770220502158407,0.40074005663603235,74.22298386698925,104,11.439,6.22,0.73
079-16-443,0.10486969504194135,0.015157865142879721,0.46648833075526097,0.06991006272251774,0.3435740463374003,66.30635157364864,81,9.183,4.284,0.616
079-16-444,,,0.6546516790683374,0.05145259147249372,0.2938957294591689,64.31481611641792,73,13.777000000000001,9.019,0.608
079-16-445,0.016157931158782914,,0.37802294414486126,0.05700262127040432,0.5488165034259515,59.896582300684926,78,10.821,4.09,0.578
079-16-446,,,0.46606326749742766,0.033592524569298274,0.500344207933274,79.76546085698112,64,8.761000000000001,4.083,0.49
079-16-447,0.012740222174220502,,0.6319323660197169,0.0354140420773284,0.3199133697287341,66.89778787266667,101,12.518,7.91,0.733
079-16-448,0.013228234247076703,,0.5306951187512836,0.03748250861869409,0.4185941383829456,59.61381655563381,83,10.175,5.4,0.725
079-16-449,,,0.3049387620254771,0.0465170067688052,0.6485442312057178,88.8679038870886,85,9.91,3.0220000000000002,0.469
079-16-450,,0.005285198501005934,0.6216877644937455,0.05015754520092944,0.322869491804319,77.47543988015151,77,11.837,7.359,0.692
079-16-451,,0.008651129814766349,0.22543101124070308,0.10512457843506483,0.6607932805094657,76.49559226233333,74,6.904,1.556,0.468
079-16-452,,,0.47211703003546884,0.056620530581780536,0.4712624393827506,62.68812377576271,68,11.349,5.3580000000000005,0.662
079-16-453,,,0.43810376844991206,0.06747433285721871,0.4944218986928693,45.717578085510205,55,9.181000000000001,4.022,0.8
079-16-454,,,0.44405190615732293,0.028372065670915443,0.5275760281717616,58.313704195,74,10.141,4.503,0.936
079-16-455,0.012340873176986913,,0.4759249475429854,0.06134922732842547,0.4503849519516023,72.06891265542373,136,11.493,5.47,0.79
079-16-456,0.0037015670303814662,0.01450957015826261,0.4555157467174549,0.03390935300675168,0.4923637630871494,89.00002732969696,112,13.318,6.066,0.722
079-16-457,,0.016936129584771007,0.45156951469439593,0.05286799136259138,0.4786263643582417,67.37172991507937,76,8.361,3.7760000000000002,0.598
079-16-458,0.006871810471467489,,0.35312411530537763,0.07913350430234176,0.5608705699208131,69.35374788909091,95,8.485,2.996,0.637
079-16-459,0.06563763588134686,0.016230347525308185,0.7900437229816999,0.02400998850894725,0.10407830510269778,31.182080267499998,60,11.086,8.759,0.876
079-16-460,0.06347552659609687,,0.6987658058935471,0.026876796517672222,0.21088187099268385,79.93263371523256,94,15.238,10.647,0.861
079-16-461,0.02939681295185992,0.018487383634636523,0.5516169362830533,0.08998061405125705,0.3105182530791931,39.14811901636364,49,7.644,4.2170000000000005,0.805
079-16-462,0.0702969257676764,,0.879196662539738,0.019058057867308163,0.03144835382527748,50.495684689166666,62,16.943,14.896,0.827
079-16-463,0.03895569318483159,0.019366002323115705,0.680772299280938,0.025195320739342306,0.2357106844717724,66.72457959717948,97,10.662,7.258,0.842
079-17-483,0.02371845622110265,0.024825082289399465,0.4764816174098171,0.04745894700573328,0.42751589707394744,70.8461502139806,111,13.222,6.3,0.682
079-17-485,,,0.5744211784569991,0.01310886552020256,0.41246995602279835,45.047737147096775,65,15.515,8.912,0.91
079-17-486,,,0.4181777889669411,0.025980382790498153,0.5558418282425608,74.88717562881818,122,12.654,5.291,0.559
079-17-488,,,0.45142579848505654,0.014793601443310846,0.5337806000716326,61.97131270636363,78,14.402000000000001,6.501,0.427
079-17-490,0.0021314645976190125,0.015587261513804223,0.5626483829324999,0.049497232463356036,0.37013565849272095,65.60781292091744,111,15.26,8.586,0.846
079-18-514,0.04563918686203797,,0.5791554605367173,0.011752575313525042,0.36345277728771974,77.36291480956523,71,17.969,10.407,0.926
079-18-515,,0.009665148639925144,0.6304904781015714,0.01257593823416194,0.3472684350243414,57.511041654270834,100,26.097,16.454,0.791
079-18-516,0.05819042422663802,,0.5936985242270495,0.0086095955733119,0.33950145597300063,62.436343074433964,112,21.679000000000002,12.871,0.909
079-18-517,0.07305478569945374,0.0003601663429605219,0.5949172258927627,0.021189615829045848,0.31047820623577715,33.650329471408455,74,15.457,9.196,0.776
079-19-534,,,0.8693497112635652,,0.13065028873643486,88.10671771105262,21,21.879,19.02,1.0
079-20-560,0.02252254020192333,,0.3397609516548476,0.07067309457157202,0.5670434135716572,78.98552930493334,82,10.972,3.728,0.629
079-20-561,,,0.5240984966287091,0.10661470309314279,0.3692868002781481,71.13936795072917,116,8.787,4.605,0.564
079-20-562,,0.0018310689290502312,0.3274769706337831,0.09986284193924895,0.5708291184979177,66.62251104807692,56,13.157,4.309,0.454
079-20-563,,,0.4963347128119665,0.04910144547611987,0.4545638417119136,71.83743292876923,73,10.169,5.047,0.606
079-20-564,,,0.6183600134454995,0.058940635533191364,0.3226993510213091,60.43609803615385,38,14.881,9.202,0.482
079-20-565,,,0.6086123699437619,0.04927720532724882,0.3421104247289892,48.28948663113207,60,9.962,6.063,0.543
079-20-566,,0.006992599302260019,0.5464914283675042,0.03954567734264135,0.4069702949875945,81.24789389389831,130,12.96,7.082,0.772
079-20-567,,,0.412908849363407,0.09286872331899847,0.4942224273175945,75.97776120986667,89,6.727,2.778,0.501
079-20-568,0.009588541372429807,,0.6403686024335372,0.02773094586290484,0.3223119103311281,78.47006955395062,180,13.688,8.765,0.899
079-20-569,,,0.4916145107390516,0.08591860265920194,0.4224668866017464,73.95146208847457,71,9.235,4.54,0.577
079-20-570,,,0.46951784043431516,0.07439094936555532,0.4560912102001295,59.3725505940625,66,15.959,7.493,0.614
079-20-571,0.007506793339095081,,0.5575752993359279,0.04289305073796226,0.39202485658701486,68.4842114384762,110,12.799,7.136,0.872
079-20-572,0.004048376979590383,,0.6495299081981737,0.05307045244687425,0.29335126237536174,70.35815955917525,98,12.412,8.062,0.926
079-21-585,0.014677425717379096,,0.7169694403625367,0.055604704111786724,0.21274842980829753,33.785714285714285,14,12.043000000000001,8.634,1.0
080-002,0.002865299597564532,0.020305379376598483,0.7654354225821046,0.040192162901202415,0.17120173554252988,70.61618725007752,127,17.903,13.704,0.916
080-003,,,0.7586658929292462,0.03531848719720688,0.20601561987354683,80.06375444909091,89,18.32,13.899000000000001,0.708
080-004,,,0.6606749492693748,0.01984457909728107,0.3194804716333442,76.88874361366668,128,22.868000000000002,15.108,0.815
080-005,,,0.92303248989356,0.004037798136532674,0.07292971196990723,26.380073753033336,28,29.369,27.109,1.0
080-006,,,0.558657272185941,0.04385850234458928,0.39748422546946977,79.67887656880504,171,13.987,7.814,0.798
080-007,0.015691342387382547,,0.6364227014066376,0.02002812321990546,0.3278578329860745,77.15856740672268,121,23.084,14.691,0.863
080-009,,,0.776758668044732,0.008472289093555414,0.21476904286171253,38.0342187634,54,16.868000000000002,13.103,0.942
080-011,0.006805851618904366,,0.818002939241895,0.015450207242505074,0.15974100189669557,84.5171354313125,166,18.568,15.189,0.894
092-001,0.015342795424736683,,0.8021520835442331,0.047548897800146366,0.1349562232308839,14.758936647923075,13,30.86,24.754,1.0
092-002,,,1.0,,,31.01345851,2,22.871000000000002,22.871000000000002,0.411
092-004A,,,0.5553814331599887,0.03488016577214123,0.40973840106787013,56.483508233720926,80,19.794,10.993,0.788
092-006,,,0.6630579689437156,0.03818582526231932,0.2987562057939651,70.53101848600001,114,16.795,11.136000000000001,0.844
092-007,,,0.5662668473131754,0.04044919054371687,0.3932839621431077,67.76249441158416,102,17.459,9.886000000000001,0.889
092-008,,,0.5887474658550688,0.049402020333690226,0.361850513811241,96.5674579664122,122,17.019000000000002,10.02,0.81
092-009,0.022346294362477898,0.0071749464976790765,0.4359254182901755,0.07667174444778342,0.45788159640188403,78.45703038189474,98,11.356,4.95,0.544
092-010,0.0021726554154494876,,0.4259203928320385,0.06554675723963892,0.5063601945128732,87.02873180283187,110,14.455,6.156,0.699
092-015,,,0.5972166554923518,0.050022055326252646,0.3527612891813955,70.44102314936842,101,15.285,9.128,0.782
092-020,,,0.5693321924070225,0.07035334471859125,0.3603144628743862,65.40252842978022,100,17.41,9.912,0.676
092-022,,,0.5323712041274912,0.049668293804241564,0.4179605020682673,76.57604964564102,112,13.904,7.402,0.653
092-024,,,0.4680403863619839,0.09184437968245676,0.4401152339555593,65.8333879264557,78,13.538,6.336,0.679
092-026,0.045945540467031525,,0.4618432912621458,0.056538846268183736,0.43567232200263895,58.44701549950495,97,18.594,8.588000000000001,0.732
092-027,,0.0016132521489111355,0.6766025642001803,0.02759063227845412,0.2941935513724546,72.11936126015505,131,19.712,13.337,0.715
092-029,,,0.7747896134871681,0.04393501540388855,0.18127537110894326,68.81664520238095,108,16.2,12.552,0.822
092-030,,0.0009392510494092874,0.6767384103055614,0.026595884442342538,0.29572645420268684,84.49945981188311,148,19.419,13.141,0.785
092-031,,,0.8039572260541871,0.017790221002487845,0.17825255294332507,65.82553674521739,171,20.992,16.876,0.903
1,0.04752098340725631,0.007407814584142928,0.2657618027339564,0.09957244657777486,0.5797369526968695,76.9376806038165,591,7.832,2.081,0.375
10,0.04445338157050962,0.006834523908018801,0.49372576216212744,0.12292755749253961,0.3320587748668045,75.48037251436314,410,8.118,4.008,0.56
105,0.0045310658169086596,0.006557382361425972,0.5014809394998746,0.05479412017917527,0.4326364921426155,75.24405813162485,822,15.058,7.551,0.612
106-011,,0.003365068592305315,0.668705011348446,0.03909980444561121,0.2888301156136376,64.47303927752294,113,16.376,10.950000000000001,0.911
106-012A,,,0.6756399227735781,0.014265342727314678,0.3100947344991072,81.40948080445946,148,28.642,19.352,0.914
106-012B,0.016207923861865557,,0.631089504276001,0.032246213140035555,0.3204563587220979,76.19564980868056,144,21.521,13.582,0.833
11,0.0297060535946596,0.0019057902755684694,0.387069890453111,0.11555137544895139,0.46576689022770945,91.60196783318,557,8.068,3.123,0.498
110,0.010096738946668639,0.002464394399343655,0.4912642894877815,0.038521005445978036,0.45765357172022814,74.10396651164088,667,17.805,8.747,0.715
111,0.010970344344953708,0.007894108294751352,0.48361233125362396,0.03851714074795876,0.45900607535871224,79.68304815348601,410,20.09,9.716000000000001,0.675
115,0.03240920483235072,0.002170669975626688,0.6533122085267878,0.026678930962905564,0.2854289857023292,73.46830763993789,727,13.305,8.692,0.809
115-005,0.012171348332997019,,0.939800186422056,0.01177705545293749,0.03625140979200948,53.797712731749996,45,14.931000000000001,14.032,0.929
115-012,0.024751740374925665,0.0065754476099721204,0.8616048348872568,0.006020756935044098,0.10104722019280137,52.08913815,61,25.372,21.861,0.902
115-016,,0.00651994741871014,0.8323741517350653,0.0024372240776235517,0.15866867676860105,95.93611029183333,63,15.421000000000001,12.836,0.955
115-017A,,,0.7352565492002602,0.011575740011678989,0.253167710788061,58.123654244166666,29,11.426,8.401,0.916
115-018,0.011889683580212095,,0.6550718315627826,0.014737698221388457,0.3183007866356169,86.6882672732653,105,14.934000000000001,9.783,0.933
115-020,0.0014427851815947787,,0.7706297069270492,0.008325496772997251,0.2196020111183588,41.84357822030612,104,13.222,10.189,0.833
12,0.013049983313647448,0.004274885932793947,0.5674400086444443,0.07578211482467491,0.3394530072844394,68.54671603733469,560,10.11,5.737,0.668
122,,0.0013468152871862777,0.681635054058735,0.03389861238007574,0.2831195182740029,80.98858139344036,249,15.394,10.493,0.785
123-001,,0.0006962441494634338,0.49147871203466265,0.019667469239388943,0.48815757457648495,72.13269617967391,197,17.314,8.509,0.699
123-002A,0.008640177747541385,,0.5906110249186896,0.01229163228761533,0.3884571650461538,82.916237145,122,20.966,12.383000000000001,0.906
123-002B,,0.003799089634654748,0.7450820876195856,0.02554962095006254,0.2255692017956972,55.22825517975,95,19.351,14.418000000000001,0.817
123-003,,,0.5628959068684969,0.018384453616690232,0.4187196395148129,103.95888286579545,93,19.580000000000002,11.021,0.917
123-004A,,,0.7272684385234026,0.01966907160304876,0.2530624898735487,78.98468761422619,181,19.745,14.36,0.877
123-004B,0.03206236142799466,0.002802644927082896,0.7556581153566045,0.016562290242953377,0.19291458804536457,62.47326414306123,150,21.989,16.616,0.911
123-005,,0.0038551185362644723,0.7038140259387271,0.009710881870333374,0.28261997365467495,91.31539337189781,143,25.026,17.614,0.903
123-006,,,0.3734099177789576,0.014815933742608041,0.6117741484784344,59.833632691999995,5,23.586000000000002,8.807,1.0
127,0.002198479119063663,0.0015082299511197641,0.5430979436691687,0.04140237775918269,0.4117929695014651,76.3004504274033,386,15.346,8.334,0.564
127-001,0.03889645748122989,,0.7457261504542209,0.00249469497386452,0.2128826970906847,64.41661328651163,95,30.053,22.411,0.915
127-002,0.022862230315026204,,0.7320676486868596,0.011691949246318441,0.2333781717517958,70.80888253314285,79,26.762,19.592,0.672
127-003,,,0.6741895062194373,0.011964637739609728,0.313845856040953,73.48345979674602,109,25.117,16.933,0.934
127-004B,0.017958178805285184,0.000381027702736209,0.759905975069538,0.00858275389899433,0.21317206452344623,68.01106595069768,123,23.608,17.94,0.959
127-005,0.02715201659946415,0.00021965153228085076,0.7182893313612188,0.01644581846902157,0.2378931820380147,68.35532537758064,189,21.433,15.395,0.899
127-006,0.014242484063234235,0.0038057560263060107,0.6939335292688157,0.013477132173610741,0.27454109846803343,82.00890598202454,164,20.781,14.421000000000001,0.796
127-009,0.04427684140015526,0.0023665347629082288,0.6911557948918018,0.015948343339906412,0.24625248560522828,93.01228202797688,187,21.497,14.858,0.715
127-010,,,0.689007872876728,0.013126019106015843,0.29786610801725605,71.15941284409327,185,24.308,16.748,0.891
129,0.004259088024106681,0.0005083468370807226,0.6707248240877813,0.031751747255940696,0.29275599379509054,76.63421371209589,683,17.124,11.486,0.762
13,0.022201862076139296,0.003711126631792533,0.5559437477578579,0.07068716534951892,0.3474560981846913,74.35022506172324,414,9.144,5.0840000000000005,0.696
130-006,,,0.6122792470417412,0.07335336802738551,0.31436738493087324,81.32683185386793,110,12.906,7.902,0.673
130-007,,,0.6628808470688998,0.03521022491547408,0.30190892801562613,74.12005094428571,120,12.654,8.388,0.839
134-001,,,0.934360893656275,0.01280059862110762,0.052838507722617306,79.16041000133333,91,21.326,19.926000000000002,0.712
134-002,0.024729682185296507,,0.9303050421944042,0.031045630224545664,0.0139196453957536,90.87995380777778,39,13.836,12.872,0.837
134-003,,,0.8849215948951152,0.01348590471955096,0.10159250038533378,17.955557046185184,27,25.883,22.904,1.0
134-005,,,0.711274011376309,0.0424075084182613,0.24631848020542974,59.5781246052,84,14.536,10.339,0.751
134-006A,0.03085092505458596,,0.6140964138895607,0.052937925298328734,0.30211473575752473,77.30522176372882,114,13.417,8.239,0.952
134-006B,,,0.5205333340158398,0.04768623700443906,0.4317804289797212,18.589069072666668,35,16.088,8.374,1.0
134-007,0.0010025836122462993,0.0018313835093119156,0.7233903563569867,0.027493133266033837,0.24628254325542126,71.9633638783871,156,17.421,12.602,0.896
134-010,,0.0002778323429985534,0.624645231861282,0.04570556555986994,0.32937137023584956,66.34912847423729,122,14.444,9.022,0.633
134-011,,,0.48222220715166436,0.10566006198527335,0.41211773086306225,72.30982184392857,114,9.117,4.397,0.692
134-012,0.0012194912386839457,0.0008642430593474893,0.6885857552099449,0.04568586367974487,0.26364464681227867,83.75102524361111,116,12.686,8.735,0.717
134-014,,,0.5239930220428918,0.07940813471152745,0.3965988432455807,83.60958667535715,121,8.725,4.572,0.509
134-015,0.10438990836663271,0.0006952195931537793,0.7269033353806045,0.02044463431445831,0.1475669023451508,62.741384977454544,64,17.547,12.755,0.627
14,0.029317824128430828,0.004210396725365845,0.49647926984426555,0.09416282300295258,0.3758296862989852,84.19460243971791,774,9.344,4.639,0.627
148-003,,,0.7382129280419059,0.07788538427578862,0.18390168768230547,72.95544736084338,90,9.202,6.793,0.7
148-004,,,0.6032524059682018,0.0910935432156271,0.3056540508161711,75.15204635663792,118,11.921,7.191,0.731
148-005,,,0.6159278892589752,0.04240955575707415,0.34166255498395054,63.33812693309278,94,19.145,11.792,0.928
148-006,,,0.7535592563477781,0.029403262434395862,0.21703748121782607,72.32843818870587,86,23.121000000000002,17.423000000000002,0.955
148-008,,0.012915072822005545,0.6982313687002842,0.03277535007717078,0.2560782084005394,77.57058364888888,113,17.046,11.902000000000001,0.701
15,0.005472906441862189,0.010715616882528757,0.44380622010133675,0.06573672251074991,0.4742685340635223,76.95584592865168,561,10.482000000000001,4.652,0.496
16,0.007224949170077474,0.007169269186016686,0.34268241989001086,0.07797423072002617,0.5649491310338688,81.35153072468991,607,9.816,3.364,0.433
17,0.01501918785699191,0.005462221305688857,0.4746311960940447,0.07998814707356541,0.4248992476697091,83.45034725554954,611,9.726,4.616,0.576
18,0.010468856028252357,0.004870446579940128,0.4116154279604178,0.11487351754111903,0.4581717518902707,84.6546145046379,753,7.328,3.016,0.566
19,0.004637319257482608,0.002800649425756302,0.4655726073239167,0.11020034074501328,0.4167890832478311,77.78068883309446,353,8.02,3.734,0.674
2,0.020012298880559228,0.009602401365982186,0.33253608226650383,0.11416944599599163,0.5236797714909631,60.896422124462156,268,9.193,3.057,0.416
20,0.011835555716134,0.003754770838821453,0.4569792720344992,0.09337188634196761,0.4340585150685779,74.10705225126033,521,8.874,4.055,0.522
22,0.013126656991316259,0.004182613804265864,0.6077989646260165,0.037672552905476296,0.3372192116729251,65.03688276496233,708,12.491,7.5920000000000005,0.768
26,0.011010377943529463,0.006579942414548291,0.40708179487954654,0.06249537037610557,0.5128325143862701,82.56755971956716,973,12.848,5.23,0.553
27,0.015388037400645826,0.0016239508779946677,0.4309798660835491,0.061021543840967495,0.4909866017968429,77.37997507861522,1067,12.319,5.309,0.579
29,0.026113330976154925,0.002447367542043625,0.3718928350515666,0.07913469820949251,0.5204117682207423,76.16499923898911,1145,10.539,3.919,0.484
3,0.031241209409131564,0.013103634213114857,0.332908233557526,0.0886936260050002,0.5340532968152274,89.12281147856699,718,8.141,2.71,0.388
30,0.014148754248033081,0.001286647885323662,0.4042846499028721,0.07355372456032373,0.5067262234034475,75.55086224106908,1336,11.706,4.7330000000000005,0.544
31,0.036623589496184564,0.0038269206759846595,0.6072710033673205,0.036891939338624245,0.315386547121886,70.14734450529303,595,15.005,9.112,0.754
32,0.035107078499323,0.0037238198075088915,0.4061767709606964,0.07172809010311854,0.4832642406293532,76.76565855824495,898,10.122,4.111,0.534
33,0.00486200646739695,0.002420987097219752,0.566776809891392,0.0521745229751898,0.3737656735688016,70.18474408771634,468,11.422,6.474,0.647
34,0.006833680105786598,0.01829875779301207,0.4396384425712783,0.041496222233165875,0.49373289729675723,58.749434874104,410,12.142,5.338,0.583
35,0.02408121761801735,0.009909849177358094,0.388592602981687,0.05891899888087122,0.5184973313420663,75.33061322559196,1552,9.689,3.765,0.535
36,0.01589435654598859,,0.4700954306311999,0.05554022938371262,0.4584699834390989,70.55822178473959,439,10.366,4.873,0.522
37,0.016318324955100934,0.007201147623305534,0.4282114229224112,0.061518496670127785,0.4867506078290545,71.15621645036128,918,9.479000000000001,4.059,0.554
38,0.01147098817518637,0.0014649757218698556,0.4613783688610588,0.0635273372393244,0.46215833000256046,72.3708569477176,588,8.957,4.132,0.631
39,0.007770041494297668,0.0003190403207688641,0.5580147227829753,0.0406501700472638,0.39324602535469455,68.1467120956192,688,12.603,7.033,0.695
4,0.009949931402307623,0.004084615000106199,0.5111765311371714,0.06874619272863434,0.40604272973178035,76.89408742707253,425,10.572000000000001,5.404,0.672
40,0.014861550665620888,0.010855396666614498,0.6395546711342042,0.04111473471463238,0.293613646818928,67.94089597171428,577,11.138,7.123,0.777
41,0.007731177817879059,0.0022431225949686054,0.4570810291695013,0.07633126096507936,0.4566134094525716,67.35457554288875,886,9.734,4.449,0.557
42,0.017899648537026632,0.0012420453303344846,0.486108261699459,0.05821061045474005,0.43653943397843986,78.59042048266262,1297,10.556000000000001,5.131,0.572
45,0.0057067179537285476,,0.4329843943136176,0.04961600541526441,0.5116928823173894,73.07419445611814,516,11.398,4.9350000000000005,0.602
46,0.011344687474815266,0.0008063736318050596,0.4197364746722044,0.05117764135075476,0.5169348228704206,76.33972859343015,823,11.464,4.812,0.608
49,0.01268951022282,0.006019398197402511,0.5354733694712024,0.03790924205552646,0.40790848005304864,70.36190042348795,1069,13.882,7.434,0.703
5,0.030981042257071906,0.006330022515935323,0.411927814549784,0.06728416163777548,0.4834769590394333,86.28194347753444,784,9.897,4.077,0.596
51,0.0034232306917560415,,0.43915038877706897,0.032199525293551044,0.525226855237624,72.43216885980952,234,11.795,5.18,0.801
52,0.027308871732899014,0.0023133223942736142,0.5235318191732168,0.042944722201969036,0.4039012644976415,72.6560475198911,638,11.451,5.995,0.682
55,0.017224473883470006,0.0022319748890230894,0.6787383465162121,0.021262613612157418,0.28054259109913743,63.4491481129493,230,14.836,10.07,0.784
56,0.0023025441611223127,0.002762379010366312,0.5496507126365741,0.04832477172691183,0.39695959246502543,61.78052311288986,756,11.336,6.231,0.672
57,0.06723451148140037,,0.7529008883652201,0.00983152804867633,0.17003307210470328,25.30396115365,39,19.887,14.973,0.897
58,0.011385985041674183,0.005968692762071358,0.626815106466805,0.0326421907387295,0.32318802499071986,67.55474813820976,624,13.081,8.2,0.725
6,0.012260776709660904,0.004959162099178306,0.4359748873962971,0.06254678200688149,0.48425839178798225,71.88716691098227,597,13.414,5.848,0.681
64,0.021014380009734136,0.0035655763974643743,0.49439476707853836,0.062448293363473184,0.41857698315078995,85.22809406275942,479,10.261000000000001,5.073,0.663
67,0.005304013489749112,0.00012853926556394317,0.43105934727612366,0.0754508049152954,0.4880572950532679,77.07414386972545,986,12.261000000000001,5.285,0.642
7,0.04780170947409069,0.004422714493281791,0.43321705738463334,0.06075490199512525,0.45380361665286884,81.69956419569355,683,10.593,4.589,0.616
8,0.019171896879003728,0.005554006642242729,0.4804632081428679,0.08856625360366858,0.40624463473221717,80.24951192185358,699,8.451,4.0600000000000005,0.63
84,0.0005703456240324393,,0.6152090595954659,0.04415712115316613,0.3400634736273356,70.63067959868651,638,14.416,8.869,0.735
85,0.001613070064691033,,0.6321926207426739,0.03759612521483507,0.32859818397780005,77.33984493374346,407,13.361,8.447000000000001,0.757
88,0.0031664931646975376,4.3256341920399695e-05,0.5147901127056969,0.051912889870438114,0.4300872479172472,83.52986146653983,902,14.620000000000001,7.526,0.796
9,0.021638657995234106,0.0065193541619265605,0.4618746321790989,0.08858140588221917,0.42138594978152133,85.99990322582792,679,9.971,4.605,0.619
91,0.0018557174456018375,0.0015732241520829062,0.40203153810827197,0.06781948759455604,0.5267200326994873,85.2826215282976,888,11.533,4.636,0.515
97,0.0048955041715052295,0.0009790738770038797,0.4942569345166092,0.0954412311136205,0.4044272563212612,81.3908274767,529,12.316,6.087,0.616
